id,title,thumbnail,short_description,game_url,genre,platform,publisher,developer,release_date,freetogame_profile_url
475,Genshin Impact,https://www.freetogame.com/g/475/thumbnail.jpg,"If you’ve been looking for a game to scratch that open-world action RPG itch, one with perhaps a bit of Asian flair, then you’re going to want to check out miHoYo’s Genshin Impact.",https://www.freetogame.com/open/genshin-impact,Action RPG,PC (Windows),miHoYo,miHoYo,2020-09-28,https://www.freetogame.com/genshin-impact
508,Enlisted,https://www.freetogame.com/g/508/thumbnail.jpg,Get ready to command your own World War II military squad in Gaijin and Darkflow Software’s MMO squad-based shooter Enlisted. ,https://www.freetogame.com/open/enlisted,Shooter,PC (Windows),Gaijin Entertainment,Darkflow Software,2021-04-08,https://www.freetogame.com/enlisted
48,Ironsight,https://www.freetogame.com/g/48/thumbnail.jpg,A free-to-play futuristic shooter published by Aeria Games. ,https://www.freetogame.com/open/ironsight,Shooter,PC (Windows),Aeria Games,Wiple Games,2018-02-01,https://www.freetogame.com/ironsight
511,Phantasy Star Online 2 New Genesis,https://www.freetogame.com/g/511/thumbnail.jpg,The legacy of Phantasy Star Online 2 continues a thousand years later!,https://www.freetogame.com/open/pso2-new-genesis,MMORPG,PC (Windows),Sega,Sega,2021-06-09,https://www.freetogame.com/pso2-new-genesis
506,Totally Accurate Battlegrounds,https://www.freetogame.com/g/506/thumbnail.jpg,"Take 60 players, throw them on a map together with over 90 weapons, including balloon crossbows, pots and pans, and inflatable hammers, add physics-based parkour and you have Landfall’s Totally Accurate Battlegrounds (TABG).",https://www.freetogame.com/open/tabg,Shooter,PC (Windows),Landfall,Landfall,2018-06-06,https://www.freetogame.com/tabg
57,Fortnite,https://www.freetogame.com/g/57/thumbnail.jpg,"A free-to-play, standalone mode of Epic Game's Fortnite. ",https://www.freetogame.com/open/fortnite-battle-royale,Shooter,PC (Windows),Epic Games,Epic Games,2017-09-26,https://www.freetogame.com/fortnite-battle-royale
466,Valorant,https://www.freetogame.com/g/466/thumbnail.jpg,Test your mettle in Riot Games’ character-based FPS shooter Valorant.,https://www.freetogame.com/open/valorant,Shooter,PC (Windows),Riot Games,Riot Games,2020-06-02,https://www.freetogame.com/valorant
509,Smash Legends,https://www.freetogame.com/g/509/thumbnail.jpg,Classic fairy tales get wild with 5minlab and LINE Games Corporation’s brawl-action game Smash Legends.,https://www.freetogame.com/open/smash-legends,Fighting,PC (Windows),LINE Games Corporation,5minlab,2021-04-13,https://www.freetogame.com/smash-legends
292,5Street,https://www.freetogame.com/g/292/thumbnail.jpg,A free-to-play dancing MMO and a unique social experience.,https://www.freetogame.com/open/5street,Social,PC (Windows),Snail Games,Snail Games,2011-11-11,https://www.freetogame.com/5street
498,Blankos Block Party,https://www.freetogame.com/g/498/thumbnail.jpg,"What happens when you take the vinyl collectible toy experience and combine it with an open-world multiplayer game? You get Blankos Block Party!
",https://www.freetogame.com/open/blankos,MMO,PC (Windows),Third Kind Games,Mythical Games Inc,2020-12-11,https://www.freetogame.com/blankos
1,Dauntless,https://www.freetogame.com/g/1/thumbnail.jpg,"A free-to-play, co-op action RPG with gameplay similar to Monster Hunter.",https://www.freetogame.com/open/dauntless,MMORPG,PC (Windows),Phoenix Labs,"Phoenix Labs, Iron Galaxy",2019-05-21,https://www.freetogame.com/dauntless
464,Shadow Arena,https://www.freetogame.com/g/464/thumbnail.jpg,"Fight your way to the top and prove you’re the best warrior, mage, sorcerer… just the best… when you’re the last person standing in Pearl Abyss’ Black Desert Online battle royale spinoff Shadow Arena.",https://www.freetogame.com/open/shadow-arena,Battle Royale,PC (Windows),Pearl Abyss,Pearl Abyss,2020-05-22,https://www.freetogame.com/shadow-arena
23,Apex Legends,https://www.freetogame.com/g/23/thumbnail.jpg,A free-to-play strategic battle royale game featuring 60-player matches and team-based play. ,https://www.freetogame.com/open/apex-legends,Shooter,PC (Windows),Electronic Arts,Electronic Arts,2019-02-04,https://www.freetogame.com/apex-legends
507,Super Mecha Champions,https://www.freetogame.com/g/507/thumbnail.jpg,"Super Mecha Champions is a PC port of the mobile anime PvP game from NetEease, featuring a variety of modes but focusing on battle royale.",https://www.freetogame.com/open/super-mecha-champions,Shooter,PC (Windows),NetEase Games,NetEase Games,2021-03-25,https://www.freetogame.com/super-mecha-champions
452,Call Of Duty: Warzone,https://www.freetogame.com/g/452/thumbnail.jpg,A standalone free-to-play battle royale and modes accessible via Call of Duty: Modern Warfare.,https://www.freetogame.com/open/call-of-duty-warzone,Shooter,PC (Windows),Activision,Infinity Ward,2020-03-10,https://www.freetogame.com/call-of-duty-warzone
8,Trove,https://www.freetogame.com/g/8/thumbnail.jpg,A free to play Sandbox massively multiplayer online role-playing game! ,https://www.freetogame.com/open/trove,MMORPG,PC (Windows),Trion Worlds,Trion Worlds,2015-07-09,https://www.freetogame.com/trove
474,Rocket League,https://www.freetogame.com/g/474/thumbnail.jpg,Get your car-soccer gaming on for free with Psyonix’s Rocket League. The popular competitive multi-player game is a popular offering with over 57 million players.,https://www.freetogame.com/open/rocket-league,Sports,PC (Windows),Psyonix LLC,Psyonix LLC,2020-09-24,https://www.freetogame.com/rocket-league
510,Drifters Loot the Galaxy,https://www.freetogame.com/g/510/thumbnail.jpg,"Grab your Driftpacs and grappling hooks, it’s time to loot. Pick a character and dive into Blind Squirrel’s team-based shooter, Drifters Loot the Galaxy.",https://www.freetogame.com/open/drifters-loot-the-galaxy,Shooter,PC (Windows),Blind Squirrel Entertainment,Blind Squirrel Entertainment,2021-04-15,https://www.freetogame.com/drifters-loot-the-galaxy
61,Black Squad,https://www.freetogame.com/g/61/thumbnail.jpg,A free-to-play military FPS developed by NS STUDIO and published by NEOWIZ.,https://www.freetogame.com/open/black-squad,Shooter,PC (Windows),NEOWIZ,NS Studio,2017-07-28,https://www.freetogame.com/black-squad
437,Stay Out,https://www.freetogame.com/g/437/thumbnail.jpg,An MMORPG featuring urban exploration and shooter elements.,https://www.freetogame.com/open/stay-out,Shooter,PC (Windows),Mobile Technologies LLC,Mobile Technologies LLC,2019-11-27,https://www.freetogame.com/stay-out
45,SoulWorker,https://www.freetogame.com/g/45/thumbnail.jpg,A free to play anime action MMO based on the popular anime of the same title. ,https://www.freetogame.com/open/soulworker,Fighting,PC (Windows),Gameforge,Lion Games,2018-02-27,https://www.freetogame.com/soulworker
16,Roblox,https://www.freetogame.com/g/16/thumbnail.jpg,A free to play sandbox MMO with lots of creation options.,https://www.freetogame.com/open/roblox,MMO,PC (Windows),Roblox Corporation,Roblox Corporation,2006-12-22,https://www.freetogame.com/roblox
296,S4 league,https://www.freetogame.com/g/296/thumbnail.jpg,A free to play MMO Shooter with fluid gameplay and acrobatic moves!,https://www.freetogame.com/open/s4-league,Shooter,PC (Windows),Aeria Games,GameOn Studio (Previously known as Pentavision),2008-09-22,https://www.freetogame.com/s4-league
100,Twin Saga,https://www.freetogame.com/g/100/thumbnail.jpg,"A free-to-play anime-themed MMORPG featuring unique 
housing and crafting systems. ",https://www.freetogame.com/open/twin-saga,MMORPG,PC (Windows),Aeria Games,X-Legend Entertainment,2016-09-01,https://www.freetogame.com/twin-saga
4,CRSED: F.O.A.D.,https://www.freetogame.com/g/4/thumbnail.jpg,Take the battle royale genre and add  mystical powers and you have CRSED: F.O.A.D. (Aka Cuisine Royale: Second Edition),https://www.freetogame.com/open/crsed,Shooter,PC (Windows),Gaijin Distribution KFT,Darkflow Software,2019-12-12,https://www.freetogame.com/crsed
470,Hyper Scape,https://www.freetogame.com/g/470/thumbnail.jpg,A futuristic urban battle royale game with powerful hacks and unique weapons!,https://www.freetogame.com/open/hyper-scape,Shooter,PC (Windows),Ubisoft,Ubisoft,2020-07-12,https://www.freetogame.com/hyper-scape
20,Splitgate: Arena Warfare,https://www.freetogame.com/g/20/thumbnail.jpg,A free-to-play multiplayer shooter developed and published by 1047 games. ,https://www.freetogame.com/open/splitgate-arena-warfare,Shooter,PC (Windows),1047 Games,1047 Games,2019-05-22,https://www.freetogame.com/splitgate-arena-warfare
473,Spellbreak,https://www.freetogame.com/g/473/thumbnail.jpg,"Spellbreak is a multiplayer, multi-platform battle-royale where player take on the role of a “battlemage” mastering elemental magic and using spells to compete against other players.",https://www.freetogame.com/open/spellbreak,Battle Royale,PC (Windows),Proletariat,Proletariat,2020-09-04,https://www.freetogame.com/spellbreak
212,Brawlhalla,https://www.freetogame.com/g/212/thumbnail.jpg,A free-to-play 2D platform fighter inspired by the Smash Bros.,https://www.freetogame.com/open/brawlhalla,Fighting,PC (Windows),Blue Mammoth Games,Blue Mammoth Games,2015-11-03,https://www.freetogame.com/brawlhalla
5,Crossout,https://www.freetogame.com/g/5/thumbnail.jpg,A post-apocalyptic MMO vehicle combat game! ,https://www.freetogame.com/open/crossout,Shooter,PC (Windows),Targem,Gaijin,2017-05-30,https://www.freetogame.com/crossout
121,Forza Motorsport 6: Apex,https://www.freetogame.com/g/121/thumbnail.jpg,A free-to-play MMO racing game that comes from makers of one of the most popular video game racing series ever. ,https://www.freetogame.com/open/forza-motorsport-6-apex,Racing,PC (Windows),Microsoft,Turn 10,2015-09-15,https://www.freetogame.com/forza-motorsport-6-apex
433,RuneScape,https://www.freetogame.com/g/433/thumbnail.jpg,A popular 3D browser MMORPG boasting a huge player base and 15 years of content.,https://www.freetogame.com/open/runescape,MMORPG,"PC (Windows), Web Browser",Jagex,Jagex,2001-01-04,https://www.freetogame.com/runescape
63,Argo,https://www.freetogame.com/g/63/thumbnail.jpg,A tactical first-person shooter from the Arma 3 developer.,https://www.freetogame.com/open/argo,Shooter,PC (Windows),Bohemia Interactive,Bohemia Interactive,2017-06-22,https://www.freetogame.com/argo
2,World of Tanks,https://www.freetogame.com/g/2/thumbnail.jpg,"If you like blowing up tanks, with a quick and intense game style you will love this game!",https://www.freetogame.com/open/world-of-tanks,Shooter,PC (Windows),Wargaming,Wargaming,2011-04-12,https://www.freetogame.com/world-of-tanks
11,Neverwinter,https://www.freetogame.com/g/11/thumbnail.jpg,A free-to-play 3D action MMORPG based on the acclaimed Dungeons & Dragons fantasy roleplaying game. ,https://www.freetogame.com/open/neverwinter,MMORPG,PC (Windows),Perfect World Entertainment,Cryptic Studios,2013-12-06,https://www.freetogame.com/neverwinter
19,Minion Masters,https://www.freetogame.com/g/19/thumbnail.jpg,A free-to-play strategic minion brawler from Danish developer Betadwarf. ,https://www.freetogame.com/open/minion-masters,Card Game,PC (Windows),Betadwarf,Betadwarf,2019-05-24,https://www.freetogame.com/minion-masters
225,RIFT,https://www.freetogame.com/g/225/thumbnail.jpg,Trion Worlds’ flagship fantasy massively multiplayer online role-playing game.,https://www.freetogame.com/open/rift,MMORPG,PC (Windows),Trion Worlds,Trion Worlds,2013-10-24,https://www.freetogame.com/rift
43,Z1 Battle Royale,https://www.freetogame.com/g/43/thumbnail.jpg,A highly competitive free-to-play battle royale shooter.,https://www.freetogame.com/open/z1-battle-royale,Shooter,PC (Windows),Daybreak Game Company,Daybreak Game Company,2018-02-28,https://www.freetogame.com/z1-battle-royale
274,GetAmped 2,https://www.freetogame.com/g/274/thumbnail.jpg,"A free to play fighting MMO, experience frantic battles up to 20 players.",https://www.freetogame.com/open/getamped-2,Fighting,PC (Windows),CyberStep,CyberStep,2010-12-16,https://www.freetogame.com/getamped-2
29,Ring of Elysium,https://www.freetogame.com/g/29/thumbnail.jpg,A free-to-play battle royale developed and published by Tencent Games. ,https://www.freetogame.com/open/ring-of-elysium,Shooter,PC (Windows),Tencent Games,Tencent Games,2018-09-19,https://www.freetogame.com/ring-of-elysium
477,Eternal Return: Black Survival,https://www.freetogame.com/g/477/thumbnail.jpg,"Combining elements from battle royale, MOBA, and the survival genres, Eternal Return: Black Survival is a game designed with a broad audience in mind. ",https://www.freetogame.com/open/eternal-return,MOBA,PC (Windows),Nimble Neuron,Nimble Neuron,2020-10-14,https://www.freetogame.com/eternal-return
229,Dota 2,https://www.freetogame.com/g/229/thumbnail.jpg,Valve's premiere competitive free to play MOBA.,https://www.freetogame.com/open/dota-2,MOBA,PC (Windows),Valve,Valve,2013-07-09,https://www.freetogame.com/dota-2
232,Age of Wushu,https://www.freetogame.com/g/232/thumbnail.jpg,A free-to-play martial arts action MMORPG with a large open world and sandbox-like features.,https://www.freetogame.com/open/age-of-wushu,MMORPG,PC (Windows),Snail Games,Snail Games,2012-12-20,https://www.freetogame.com/age-of-wushu
82,Line of Sight,https://www.freetogame.com/g/82/thumbnail.jpg,"Free FPS game described as ""Bioshock meets Call of Duty""! ",https://www.freetogame.com/open/line-of-sight,Shooter,PC (Windows),BlackSpot Entertainment,BlackSpot Entertainment,2017-01-31,https://www.freetogame.com/line-of-sight
118,Starbreak,https://www.freetogame.com/g/118/thumbnail.jpg,"A Roguelike MMORPG with MetroidVania-style platformer 
gameplay! Castlevania and Metroid fans will 
love this game! ",https://www.freetogame.com/open/starbreak,MMORPG,"PC (Windows), Web Browser",Crunchy Games,Crunchy Games,2016-05-10,https://www.freetogame.com/starbreak
467,Phantasy Star Online 2,https://www.freetogame.com/g/467/thumbnail.jpg,"Welcome to ARKS, and elite task force searching dangerous planets for the corrupted Falspawn in Phantasy Star 2 Online, Sega’s popular, free-to-play sci-fi MMORPG.",https://www.freetogame.com/open/pso2,MMORPG,PC (Windows),SEGA,SEGA,2020-05-27,https://www.freetogame.com/pso2
207,Warface,https://www.freetogame.com/g/207/thumbnail.jpg,"A free-to-play multiplayer online FPS from Crytek, makers of the Far Cry and Crysis series of games.",https://www.freetogame.com/open/warface,Shooter,PC (Windows),Crytek,Crytek,2014-07-01,https://www.freetogame.com/warface
177,Dungeon Fighter Online,https://www.freetogame.com/g/177/thumbnail.jpg,A free to play arcade-style side-scrolling action game mixed with RPG elements.,https://www.freetogame.com/open/dungeon-fighter-online,Fighting,PC (Windows),Neople,Neople (Subsidiary of Nexon),2015-03-24,https://www.freetogame.com/dungeon-fighter-online
305,Fiesta Online,https://www.freetogame.com/g/305/thumbnail.jpg,A free to play anime MMORPG with a friendly community.,https://www.freetogame.com/open/fiesta-online,MMORPG,PC (Windows),gamigo AG,Onson Soft,2008-02-01,https://www.freetogame.com/fiesta-online
421,Therian Saga,https://www.freetogame.com/g/421/thumbnail.jpg,A browser-based sandbox MMORPG with a complex crafting system.,https://www.freetogame.com/open/therian-saga,MMORPG,"PC (Windows), Web Browser",Gameforge,Virtys,2017-03-27,https://www.freetogame.com/therian-saga
134,War Trigger 3,https://www.freetogame.com/g/134/thumbnail.jpg,"A MMO shooter with infantry, vehicle, and air combat across massive maps! ",https://www.freetogame.com/open/wt3,Shooter,PC (Windows),Rocketeer Games,Rocketeer Games,2015-12-23,https://www.freetogame.com/wt3
52,Closers,https://www.freetogame.com/g/52/thumbnail.jpg,"A free-to-play episodic anime beat-em-up developed 
by Naddic Games and published by 
En Masse Entertainment. ",https://www.freetogame.com/open/closers,MMORPG,PC (Windows),En Masse Entertainment,Naddic Games,2017-12-19,https://www.freetogame.com/closers
108,Zula,https://www.freetogame.com/g/108/thumbnail.jpg,A free-to-play online FPS developed and published by IDC/Games. ,https://www.freetogame.com/open/zula,Shooter,PC (Windows),IDC/Games,IDC/Games,2016-06-23,https://www.freetogame.com/zula
497,Astellia Royal,https://www.freetogame.com/g/497/thumbnail.jpg,"Gamers interested in Studio8’s MMO Astellia now have a new – and slightly different – free-to-play option, Astellia Royal",https://www.freetogame.com/open/astellia-royal,MMORPG,PC (Windows),Way2Bit,Studio 8,2020-12-12,https://www.freetogame.com/astellia-royal
21,Destiny 2,https://www.freetogame.com/g/21/thumbnail.jpg,A free-to-play multiplayer Sci-Fi MMOFPS from Bungie.,https://www.freetogame.com/open/destiny-2,Shooter,PC (Windows),Bungie,Bungie,2019-10-01,https://www.freetogame.com/destiny-2
17,Entropia Universe,https://www.freetogame.com/g/17/thumbnail.jpg,A 3D MMO Multi Virtual World Real Cash Economy Experience with RPG elements. ,https://www.freetogame.com/open/entropia-universe,MMORPG,PC (Windows),MindArk,MindArk,2003-01-30,https://www.freetogame.com/entropia-universe
68,Dreadnought,https://www.freetogame.com/g/68/thumbnail.jpg,A free-to-play combat flight simulator developed by Yager Development and published by Grey Box. ,https://www.freetogame.com/open/dreadnought,Shooter,PC (Windows),Grey Box,Yager Development,2018-10-14,https://www.freetogame.com/dreadnought
454,Magic: The Gathering Arena,https://www.freetogame.com/g/454/thumbnail.jpg,A free-to-play digital recreation of Wizards of the Coast's popular collectible card game.,https://www.freetogame.com/open/mtg-arena,Card Game,PC (Windows),Wizards of the Coast,Wizards of the Coast,2018-09-27,https://www.freetogame.com/mtg-arena
268,Eden Eternal,https://www.freetogame.com/g/268/thumbnail.jpg,A free to play fantasy MMORPG with cute anime-inspired graphics.,https://www.freetogame.com/open/eden-eternal,MMORPG,PC (Windows),Aeria Games,X-Legend,2011-06-15,https://www.freetogame.com/eden-eternal
286,League of Legends,https://www.freetogame.com/g/286/thumbnail.jpg,"A free-to-play MOBA game, and one of the most played pc game in the world.",https://www.freetogame.com/open/league-of-legends,MOBA,PC (Windows),Riot Games,Riot Games,2009-10-27,https://www.freetogame.com/league-of-legends
501,Fer.al,https://www.freetogame.com/g/501/thumbnail.jpg,"If you’ve ever wanted to be a creature of myth and hang out with other mytical creatures, Wildworks’ Fer.al can help you live the dream.",https://www.freetogame.com/open/Feral,MMO,PC (Windows),Wildworks,Wildworks,2019-12-13,https://www.freetogame.com/Feral
9,World of Warships,https://www.freetogame.com/g/9/thumbnail.jpg,A 3D free to play naval action-themed MMO from the creators of World of Tanks! ,https://www.freetogame.com/open/world-of-warships,Shooter,PC (Windows),Wargaming,Wargaming,2015-07-02,https://www.freetogame.com/world-of-warships
85,Infestation: The New Z,https://www.freetogame.com/g/85/thumbnail.jpg,"A re-work of the open world zombie shooter game Infestation: Survivor Stories (or as it was formerly known ""The War Z"").",https://www.freetogame.com/open/infestation-new-z,Shooter,PC (Windows),OP Productions LLC,Fredaikis AB,2016-11-22,https://www.freetogame.com/infestation-new-z
104,Fallout Shelter,https://www.freetogame.com/g/104/thumbnail.jpg,A free-to-play simulation game based on Bethesda Game Studios' popular Fallout franchise. ,https://www.freetogame.com/open/fallout-shelter,Strategy,PC (Windows),Bethesda Game Studios,Bethesda Game Studios,2015-06-14,https://www.freetogame.com/fallout-shelter
181,8BitMMO,https://www.freetogame.com/g/181/thumbnail.jpg,A free to play retro­-style 2D MMO and a giant construction sandbox! ,https://www.freetogame.com/open/8bitmmo,MMORPG,"PC (Windows), Web Browser",Archive Entertainment ,Archive Entertainment ,2015-01-26,https://www.freetogame.com/8bitmmo
95,Paladins,https://www.freetogame.com/g/95/thumbnail.jpg,"A free-to-play team-based shooter developed and published by Hi-Rez Games, the creators of SMITE. ",https://www.freetogame.com/open/paladins,Shooter,PC (Windows),Hi-Rez Studios,Hi-Rez Studios,2016-09-16,https://www.freetogame.com/paladins
256,Realm of the Mad God,https://www.freetogame.com/g/256/thumbnail.jpg,A fast paced 2d free to play MMO shooter game with a retro 8-bit style.,https://www.freetogame.com/open/realm-mad-god,MMORPG,"PC (Windows), Web Browser",Kabam,Wild Shadow Studios,2012-02-21,https://www.freetogame.com/realm-mad-god
204,Unturned,https://www.freetogame.com/g/204/thumbnail.jpg,"A independently developed free-to-play MMO survival 
game! ",https://www.freetogame.com/open/unturned,Shooter,PC (Windows),Smartly Dressed Games,Smartly Dressed Games,2014-07-08,https://www.freetogame.com/unturned
264,Dragon Nest,https://www.freetogame.com/g/264/thumbnail.jpg,A free-to-play action MMORPG with non-targeting combat.,https://www.freetogame.com/open/dragon-nest,MMORPG,PC (Windows), Eyedentity Games Inc., Eyedentity Games Inc.,2011-09-28,https://www.freetogame.com/dragon-nest
37,Crusaders Of Light,https://www.freetogame.com/g/37/thumbnail.jpg,A cross-platform MMORPG available on PC and mobile devices. ,https://www.freetogame.com/open/crusaders-of-light,MMORPG,PC (Windows),Hong Kong Netease Interactive Entertainment Limited,Hong Kong Netease Interactive Entertainment Limited,2017-04-20,https://www.freetogame.com/crusaders-of-light
323,Flyff: Fly For Fun,https://www.freetogame.com/g/323/thumbnail.jpg,A free-to-play anime MMORPG with charming visual aesthetic and an addictive gameplay.,https://www.freetogame.com/open/flyff,MMORPG,PC (Windows),Webzen,Gala Lab Corp (formerly Aeonsoft),2005-12-25,https://www.freetogame.com/flyff
35,Defiance 2050,https://www.freetogame.com/g/35/thumbnail.jpg,"A re-imagining of Trion Worlds' sci-fi shooter Defiance. 
",https://www.freetogame.com/open/defiance-2050,Shooter,PC (Windows),Trion Worlds ,Trion Worlds ,2018-06-12,https://www.freetogame.com/defiance-2050
500,Chroma: Bloom And Blight,https://www.freetogame.com/g/500/thumbnail.jpg,"Competitive card game fans have a new, completely free option to add to their list. ",https://www.freetogame.com/open/chroma-bloom-and-blight,Card,PC (Windows),WhisperGames,Clarity Games,2021-01-28,https://www.freetogame.com/chroma-bloom-and-blight
24,Counter-Strike: Global Offensive,https://www.freetogame.com/g/24/thumbnail.jpg,The popular multiplayer shooter from Valve. ,https://www.freetogame.com/open/counter-strike-global-offensive,Shooter,PC (Windows),Valve,"Valve, Hidden Path Entertainment",2012-08-21,https://www.freetogame.com/counter-strike-global-offensive
310,Team Fortress 2,https://www.freetogame.com/g/310/thumbnail.jpg,Valve's iconic class-based free-to-play first-person shooter!,https://www.freetogame.com/open/team-fortress-2,Shooter,PC (Windows),Valve,Valve,2007-10-10,https://www.freetogame.com/team-fortress-2
448,KurtzPel,https://www.freetogame.com/g/448/thumbnail.jpg,A free-to-play third-person action battle game from KOG Games.,https://www.freetogame.com/open/kurtzpel,Fighting,PC (Windows),KOG,KOG,2019-04-30,https://www.freetogame.com/kurtzpel
7,Armored Warfare,https://www.freetogame.com/g/7/thumbnail.jpg,A modern team-based MMO tank game from Obsidian Entertainment.,https://www.freetogame.com/open/armored-warfare,Shooter,PC (Windows),My.com (Mail.ru Group),Obsidian Entertainment,2015-10-08,https://www.freetogame.com/armored-warfare
301,Age of Conan: Unchained,https://www.freetogame.com/g/301/thumbnail.jpg,A award ­winning massively multiplayer online game that has received critical acclaim.,https://www.freetogame.com/open/age-of-conan,MMORPG,PC (Windows),Funcom,Funcom,2008-05-20,https://www.freetogame.com/age-of-conan
304,Cabal Online,https://www.freetogame.com/g/304/thumbnail.jpg,A free to play fast-paced skill-based MMORPG in a stunning world!,https://www.freetogame.com/open/cabal-online,MMORPG,PC (Windows),ESTsoft,ESTsoft,2016-02-17,https://www.freetogame.com/cabal-online
139,Immortal Empire,https://www.freetogame.com/g/139/thumbnail.jpg,A free to play multiplayer strategy RPG developed by Tactic Studios.,https://www.freetogame.com/open/immortal-empire,MMORPG,PC (Windows),Tactic Studios Inc.,Tactic Studios Inc.,2015-12-03,https://www.freetogame.com/immortal-empire
453,Gotham City Impostors,https://www.freetogame.com/g/453/thumbnail.jpg,A free to play multiplayer FPS that pits vigilantes dressed up like Batman against criminals dressed up like the Joker,https://www.freetogame.com/open/gotham-city-impostors,Shooter,PC (Windows),Warner Bros. Interactive Entertainment,"Monolith Productions, Inc.",2012-08-31,https://www.freetogame.com/gotham-city-impostors
456,Conqueror's Blade,https://www.freetogame.com/g/456/thumbnail.jpg,"Command your own medieval army in Conqueror's Blade, a war simulator developed by Booming games.",https://www.freetogame.com/open/conquerors-blade,Strategy,PC (Windows),Booming Games,Booming Games,2019-05-30,https://www.freetogame.com/conquerors-blade
438,Kards,https://www.freetogame.com/g/438/thumbnail.jpg,A free-to-play collectible World War II card game from developer 1939 Games.,https://www.freetogame.com/open/kards,Card Game,PC (Windows),1939 Games,1939 Games,2019-04-12,https://www.freetogame.com/kards
281,Grand Fantasia,https://www.freetogame.com/g/281/thumbnail.jpg,"A free to play anime inspired 3D MMORPG with customizable characters and 
companions.",https://www.freetogame.com/open/grand-fantasia,MMORPG,PC (Windows),Aeria Games,X-Legend Entertainment,2009-12-01,https://www.freetogame.com/grand-fantasia
175,Survarium,https://www.freetogame.com/g/175/thumbnail.jpg,A free to play post-apocalyptic online FPS game.,https://www.freetogame.com/open/survarium,Shooter,PC (Windows),Vostok Games,Vostok Games,2015-04-02,https://www.freetogame.com/survarium
299,Combat Arms: Reloaded,https://www.freetogame.com/g/299/thumbnail.jpg,A free to play modern first person shooter with lots of maps and weapons!,https://www.freetogame.com/open/combat-arms,Shooter,PC (Windows),"VALOFE, NEXON",Doobic Studios,2018-10-31,https://www.freetogame.com/combat-arms
66,Gwent: The Witcher Card Game,https://www.freetogame.com/g/66/thumbnail.jpg,A free-to-play card game based on CD Projekt Red's popular Witcher franchise. ,https://www.freetogame.com/open/gwent,Card Game,PC (Windows),CD Projekt Red,CD Projekt Red,2017-05-24,https://www.freetogame.com/gwent
503,Artifact,https://www.freetogame.com/g/503/thumbnail.jpg,"Valve’s Artifact is two games in one. Whether you’re looking for the original Dota 2 trading card game created with the help of card game designer Richard Garfield or something a little more streamlined, Artifact has both in one download.",https://www.freetogame.com/open/artifact,Card,PC (Windows),Valve,Valve,2018-11-29,https://www.freetogame.com/artifact
260,DC Universe Online,https://www.freetogame.com/g/260/thumbnail.jpg,"A free-to-play, comics based MMORPG set in the popular DC Comics universe.",https://www.freetogame.com/open/dcuo,MMORPG,PC (Windows),Daybreak Games,Daybreak Games,2011-01-11,https://www.freetogame.com/dcuo
62,Kritika: REBOOT,https://www.freetogame.com/g/62/thumbnail.jpg,A free-to-play hack-and-slash MMORPG with both a single-player adventure combat from En Masse Entertainment and ALL-M Co. ,https://www.freetogame.com/open/kritika,MMORPG,PC (Windows),ALLM Co.,ALLM Co.,2016-06-08,https://www.freetogame.com/kritika
200,Guns and Robots,https://www.freetogame.com/g/200/thumbnail.jpg,A free to play online third person shooter with massive customization! ,https://www.freetogame.com/open/guns-and-robots,Shooter,PC (Windows),"Masthead Studios Ltd, Thegamewallstudios, Gamigo AG",Masthead Studios Ltd,2014-08-05,https://www.freetogame.com/guns-and-robots
120,Luna Online: Reborn,https://www.freetogame.com/g/120/thumbnail.jpg,"A free-to-play, anime themed fantasy MMORPG and a remake of the previous Luna MMO! ",https://www.freetogame.com/open/luna-online,MMORPG,PC (Windows),Suba Games,Suba Games,2017-10-17,https://www.freetogame.com/luna-online
442,Vainglory,https://www.freetogame.com/g/442/thumbnail.jpg,A free-to-play cross-platform MOBA originally developed by Super Evil Megacorp and now owned and operated by Rogue Games.  ,https://www.freetogame.com/open/vainglory,MOBA,PC (Windows),"Rogue Games, Inc.","Rogue Games, Inc.",2019-02-14,https://www.freetogame.com/vainglory
49,Dead Maze,https://www.freetogame.com/g/49/thumbnail.jpg,A free-to-play 2D isometric MMO full of zombies. ,https://www.freetogame.com/open/dead-maze,MMORPG,PC (Windows),801,801,2018-02-13,https://www.freetogame.com/dead-maze
119,Fantasy Tales Online,https://www.freetogame.com/g/119/thumbnail.jpg,"A free-to-play, retro MMO featuring puzzles, a rich crafting system and Randomly generated dungeons! ",https://www.freetogame.com/open/fantasy-tales-online,MMORPG,PC (Windows),Cold Tea Studio ,Cold Tea Studio ,2016-05-06,https://www.freetogame.com/fantasy-tales-online
152,WARMODE,https://www.freetogame.com/g/152/thumbnail.jpg,"A Free to play multiplayer online shooter. Sight in enemies to master Headshots, Double Kills and Triple Kills! ",https://www.freetogame.com/open/warmode,Shooter,PC (Windows),WARTEAM,WARTEAM,2015-08-26,https://www.freetogame.com/warmode
249,RPG MO,https://www.freetogame.com/g/249/thumbnail.jpg,A nostalgic free MMORPG reminiscent of old-school RPG's like Ultima and Runescape.,https://www.freetogame.com/open/rpg-mo,MMORPG,"PC (Windows), Web Browser",Marxnet,Marxnet,2012-07-18,https://www.freetogame.com/rpg-mo
3,Warframe,https://www.freetogame.com/g/3/thumbnail.jpg,A cooperative free-to-play third person online action shooter set in an stunning sci-fi world. ,https://www.freetogame.com/open/warframe,Shooter,PC (Windows),Digital Extremes,Digital Extremes,2013-03-25,https://www.freetogame.com/warframe
65,Pixel Worlds,https://www.freetogame.com/g/65/thumbnail.jpg,"A free-to-play, side-scroller MMO sandbox game developed and published by Kukouri Mobile Entertainment. ",https://www.freetogame.com/open/pixel-worlds,MMORPG,PC (Windows),Kukouri Mobile Entertainment ,Kukouri Mobile Entertainment ,2017-06-09,https://www.freetogame.com/pixel-worlds
55,Deceit,https://www.freetogame.com/g/55/thumbnail.jpg,"A free-to-play multiplayer first-person shooter set 
in an asylum! ",https://www.freetogame.com/open/deceit,Shooter,PC (Windows),Automaton,Automaton,2017-05-03,https://www.freetogame.com/deceit
449,Albion Online,https://www.freetogame.com/g/449/thumbnail.jpg,A free-to-play cross-platform sandbox MMO developed and published by Sandbox Interactive GmbH. ,https://www.freetogame.com/open/albion-online,MMORPG,PC (Windows),Sandbox Interactive GmbH,Sandbox Interactive GmbH,2017-07-17,https://www.freetogame.com/albion-online
282,BlackShot: Revolution,https://www.freetogame.com/g/282/thumbnail.jpg,Get thrown into the fast-paced action of a virtual war zone and compete against other players.,https://www.freetogame.com/open/blackshot,Shooter,PC (Windows),Papaya Play,Vertigo Games,2018-07-27,https://www.freetogame.com/blackshot
163,Card Hunter,https://www.freetogame.com/g/163/thumbnail.jpg,"A free online collectible card game which blends together role-playing, card play and tactical combat. ",https://www.freetogame.com/open/card-hunter,Card Game,"PC (Windows), Web Browser",Blue Manchu,Blue Manchu,2015-07-14,https://www.freetogame.com/card-hunter
179,Transformice,https://www.freetogame.com/g/179/thumbnail.jpg,A cute little free-to-play MMO platformer.,https://www.freetogame.com/open/transformice,Fantasy,"PC (Windows), Web Browser",Atelier 801,Atelier 801,2015-01-30,https://www.freetogame.com/transformice
291,theHunter,https://www.freetogame.com/g/291/thumbnail.jpg,An MMO shooter where players can hunt 22 different animals in various locations.,https://www.freetogame.com/open/thehunter,Shooter,PC (Windows),"Expansive Worlds , Avalanche Studios","Expansive Worlds , Avalanche Studios",2009-03-05,https://www.freetogame.com/thehunter
436,Inferna,https://www.freetogame.com/g/436/thumbnail.jpg,"A cross-platform MMO from indie developer and publisher Inferna Limited, designed for players seeking a classic experience.  ",https://www.freetogame.com/open/inferna,MMORPG,PC (Windows),INFERNA LIMITED,INFERNA LIMITED,2019-12-21,https://www.freetogame.com/inferna
446,Legends of Aria,https://www.freetogame.com/g/446/thumbnail.jpg,"A sandbox MMORPG featuring a skill-based system, content that will appeal to both PvE and PvP players, and a robust housing system.",https://www.freetogame.com/open/legends-of-aria,MMORPG,PC (Windows),Citadel Studios Inc,Citadel Studios Inc,2019-08-07,https://www.freetogame.com/legends-of-aria
39,Darwin Project,https://www.freetogame.com/g/39/thumbnail.jpg,A free-to-play 10-player battle royale game set just prior to an impeding ice age.,https://www.freetogame.com/open/darwin-project,Shooter,PC (Windows),Scavengers Studio,Scavengers Studio,2020-01-14,https://www.freetogame.com/darwin-project
512,Sherwood Extreme,https://www.freetogame.com/g/512/thumbnail.jpg,High action arcade shooter Sherwood Extreme sends players on a mission to save the kingdom!,https://www.freetogame.com/open/sherwood-extreme,Shooter,PC (Windows),CAGE Studios,CAGE Studios,2021-05-12,https://www.freetogame.com/sherwood-extreme
317,Rappelz,https://www.freetogame.com/g/317/thumbnail.jpg,A free to play 3D classic MMORPG with robust features.,https://www.freetogame.com/open/rappelz,MMORPG,PC (Windows),Webzen,Gala Lab,2006-11-03,https://www.freetogame.com/rappelz
476,Rogue Company,https://www.freetogame.com/g/476/thumbnail.jpg,"From Hi-Rez Studios, the team that brought you Smite and Paladins, comes Rogue Company, a cross-platform, competitive team-based third person shooter.",https://www.freetogame.com/open/rogue-company,Shooter,PC (Windows),Nexon,Valofe,2020-10-01,https://www.freetogame.com/rogue-company
211,GunZ 2: The Second Duel,https://www.freetogame.com/g/211/thumbnail.jpg,A free-to-play multiplayer Third Person Shooter and follow up to the successful GunZ: The Duel. ,https://www.freetogame.com/open/gunz-2,Shooter,PC (Windows),MAIET Entertainme,MAIET Entertainme,2014-05-01,https://www.freetogame.com/gunz-2
6,Blade and Soul,https://www.freetogame.com/g/6/thumbnail.jpg,A free-to-play martial arts MMORPG that tasks players with learning combination attacks.,https://www.freetogame.com/open/blade-and-soul,MMORPG,PC (Windows),NCSoft,NCSoft,2016-01-19,https://www.freetogame.com/blade-and-soul
459,Bombergrounds: Battle Royale,https://www.freetogame.com/g/459/thumbnail.jpg,A free-to-play massively multiplayer battle Royale game inspired by the old-shool Bomberman games!,https://www.freetogame.com/open/bombergrounds-battle-royale,Battle Royale,PC (Windows),Giant Duck Games,Giant Duck Games,2020-03-07,https://www.freetogame.com/bombergrounds-battle-royale
15,Crossfire,https://www.freetogame.com/g/15/thumbnail.jpg,A first person tactical shooter with a huge selection of game modes!,https://www.freetogame.com/open/crossfire,Shooter,PC (Windows),Neowiz Games,SmileGate,2007-05-03,https://www.freetogame.com/crossfire
439,PC Futbol Legends,https://www.freetogame.com/g/439/thumbnail.jpg,An arcade soccer game inspired by cult arcade games from IDC games. ,https://www.freetogame.com/open/futbol-legends,Sports,PC (Windows),IDG GAmes,IDG GAmes,2019-11-01,https://www.freetogame.com/futbol-legends
36,Realm Royale,https://www.freetogame.com/g/36/thumbnail.jpg,A free-to-play fantasy-themed battle royale game based on Hi-Rez Studio's team shooter Paladins. ,https://www.freetogame.com/open/realm-royale,Shooter,PC (Windows),Hi-Rez Studios,Hi-Rez Studios,2018-06-05,https://www.freetogame.com/realm-royale
195,Divine Souls,https://www.freetogame.com/g/195/thumbnail.jpg,A action-based MMORPG in a fantasy world with magic and technology. ,https://www.freetogame.com/open/divine-souls,MMORPG,PC (Windows),Suba Games ,GamePrix ,2014-08-15,https://www.freetogame.com/divine-souls
22,Wild Terra Online,https://www.freetogame.com/g/22/thumbnail.jpg,A medieval sandbox MMO designed with core players in mind. ,https://www.freetogame.com/open/wild-terra-online,MMORPG,PC (Windows),Juvty Worlds Ltd.,Juvty Worlds Ltd.,2017-12-18,https://www.freetogame.com/wild-terra-online
188,Counter-Strike Nexon: Studio,https://www.freetogame.com/g/188/thumbnail.jpg,What's better than Counter-Strike? Counter-Strike with more modes and Zombies!,https://www.freetogame.com/open/counter-strike-nexon,Shooter,PC (Windows),Nexon Europe GmbH,Nexon,2014-10-07,https://www.freetogame.com/counter-strike-nexon
330,Lineage 2,https://www.freetogame.com/g/330/thumbnail.jpg,A 3D fantasy MMORPG with a strong emphasis on PvP.,https://www.freetogame.com/open/lineage-2,MMORPG,PC (Windows),NCSoft,NCSoft,2004-04-27,https://www.freetogame.com/lineage-2
434,Will To Live,https://www.freetogame.com/g/434/thumbnail.jpg,A free-to-play MMORPG-shooter developed and published by AlphaSoft LLC.,https://www.freetogame.com/open/will-to-live,MMORPG,PC (Windows),AlphaSoft LLC,AlphaSoft LLC,2018-04-05,https://www.freetogame.com/will-to-live
271,Asda Global,https://www.freetogame.com/g/271/thumbnail.jpg,A 3D anime-inspired fantasy MMORPG and is the successor to the original Asda Story.,https://www.freetogame.com/open/asda-global,MMORPG,PC (Windows),GamenGame,Maxonsoft,2011-05-19,https://www.freetogame.com/asda-global
185,Eldevin,https://www.freetogame.com/g/185/thumbnail.jpg,A indie story-driven Free to Play MMORPG.,https://www.freetogame.com/open/eldevin,MMORPG,"PC (Windows), Web Browser",Hunted Cow Studios,Hunted Cow Studios,2014-11-05,https://www.freetogame.com/eldevin
14,Star Trek Online,https://www.freetogame.com/g/14/thumbnail.jpg,"A free-to-play, 3D, Sci-Fi MMORPG based on the popular Star Trek series.",https://www.freetogame.com/open/star-trek-online,MMORPG,PC (Windows),Perfect World Entertainment, Cryptic Studios,2010-02-02,https://www.freetogame.com/star-trek-online
157,Fishing Planet,https://www.freetogame.com/g/157/thumbnail.jpg,A Free to play realistic online first-person multiplayer fishing simulator! ,https://www.freetogame.com/open/fishing-planet,Sports,PC (Windows),Fishing Planet LLC,Fishing Planet LLC,2015-08-11,https://www.freetogame.com/fishing-planet
77,Revelation Online,https://www.freetogame.com/g/77/thumbnail.jpg,A free-to-play fantasy MMO developed by NetEase and published by My.com. ,https://www.freetogame.com/open/revelation-online,MMORPG,PC (Windows),My.com,NetEase,2017-03-06,https://www.freetogame.com/revelation-online
18,Second Life,https://www.freetogame.com/g/18/thumbnail.jpg,A free to play 3D online virtual world with a huge reputation! ,https://www.freetogame.com/open/second-life,Social,PC (Windows),Linden Lab,Linden Lab,2003-06-23,https://www.freetogame.com/second-life
213,Archeblade,https://www.freetogame.com/g/213/thumbnail.jpg,A free-to-play PvP-based multiplayer action game based on a Korean Fantasy Novel.,https://www.freetogame.com/open/archeblade,Fighting,PC (Windows),CodeBrush Games,CodeBrush Games,2014-04-25,https://www.freetogame.com/archeblade
469,Unfortunate Spacemen,https://www.freetogame.com/g/469/thumbnail.jpg,"Unfortunate Spacemen is a co-op multiplayer game about Shapeshifting with a Co-op Story Mode, lots of objectives and more!",https://www.freetogame.com/open/unfortunate-spacemen,Shooter,PC (Windows),New Blood Interactive,Geoff 'Zag' Keene,2020-06-12,https://www.freetogame.com/unfortunate-spacemen
262,Digimon Masters Online,https://www.freetogame.com/g/262/thumbnail.jpg,A free to play 3D MMORPG based on the popular Digimon franchise.,https://www.freetogame.com/open/digimon-masters-online,MMORPG,PC (Windows),MOVE ON USA CO.,"Move Games Co., Ltd.",2011-10-20,https://www.freetogame.com/digimon-masters-online
230,Ragnarok Online 2,https://www.freetogame.com/g/230/thumbnail.jpg,"A 3D fantasy MMORPG, and sequel to the popular Ragnarok Online.",https://www.freetogame.com/open/ragnarok-online-2,MMORPG,PC (Windows),Gravity Interactive,"Gravity, Inc.",2013-05-01,https://www.freetogame.com/ragnarok-online-2
87,MU Legend,https://www.freetogame.com/g/87/thumbnail.jpg,A free-to-play MMORPG developed by Webzen and the followup to MU Online. ,https://www.freetogame.com/open/mu-legend,MMORPG,PC (Windows),VALOFE,VALOFE,2017-03-23,https://www.freetogame.com/mu-legend
450,Battlerite Royale,https://www.freetogame.com/g/450/thumbnail.jpg,A free to play battle royale set in the Battlerite universe.,https://www.freetogame.com/open/battlerite-royale,MOBA,PC (Windows),Stunlock Studios,Stunlock Studios,2018-09-26,https://www.freetogame.com/battlerite-royale
10,ArcheAge,https://www.freetogame.com/g/10/thumbnail.jpg,"A free-to-play, hybrid fantasy/sandbox MMORPG brought to you by Trion Worlds.",https://www.freetogame.com/open/archeage,MMORPG,PC (Windows),Trion Worlds,XL Games,2014-09-04,https://www.freetogame.com/archeage
44,Tale Of Toast,https://www.freetogame.com/g/44/thumbnail.jpg,"A free-to-play open world MMO inspired by classic, core MMOs. ",https://www.freetogame.com/open/tale-of-toast,MMORPG,PC (Windows),Toasty Leaf AB,Toasty Leaf AB,2018-02-23,https://www.freetogame.com/tale-of-toast
276,Vindictus,https://www.freetogame.com/g/276/thumbnail.jpg,A free to play action MMO game with beautiful graphics and intense battles.,https://www.freetogame.com/open/vindictus,MMORPG,PC (Windows),Nexon,devCAT,2010-10-13,https://www.freetogame.com/vindictus
311,Rumble Fighter,https://www.freetogame.com/g/311/thumbnail.jpg,"A free to play Fighting MMO, test your skills!",https://www.freetogame.com/open/rumble-fighter,Fighting,PC (Windows),RedFox Games,Nimonix,2007-08-02,https://www.freetogame.com/rumble-fighter
335,Ragnarok Online,https://www.freetogame.com/g/335/thumbnail.jpg,"A popular fantasy MMORPG, back to the golden age of MMORPGs.",https://www.freetogame.com/open/ragnarok-online,MMORPG,PC (Windows),Gravity Interactive ,Gravity Interactive ,2003-06-01,https://www.freetogame.com/ragnarok-online
206,Aura Kingdom,https://www.freetogame.com/g/206/thumbnail.jpg,Aura Kingdom is a 3D free-to-play Anime MMORPG from the same great studio that brought us Eden Eterna.,https://www.freetogame.com/open/aura-kingdom,MMORPG,PC (Windows),Aeria Games,X-Legend,2013-12-23,https://www.freetogame.com/aura-kingdom
221,Lucent Heart,https://www.freetogame.com/g/221/thumbnail.jpg,A free to play MMORPG with a match making system that helps players find their soulmates.,https://www.freetogame.com/open/lucent-heart,MMORPG,PC (Windows),Suba Games,Playcoco (Subsidiary of Gamania),2014-01-10,https://www.freetogame.com/lucent-heart
106,Riders of Icarus,https://www.freetogame.com/g/106/thumbnail.jpg,"A free-to-play action MMORPG featuring mounted, in-air combat. ",https://www.freetogame.com/open/riders-of-icarus,MMORPG,PC (Windows),VALOFE,WeMade,2016-07-06,https://www.freetogame.com/riders-of-icarus
165,Echo of Soul,https://www.freetogame.com/g/165/thumbnail.jpg,A 3D fantasy MMORPG with fast-paced PvP combat and lots of quests!,https://www.freetogame.com/open/eos,MMORPG,PC (Windows),Aeria Games,Nvius,2015-05-28,https://www.freetogame.com/eos
287,Twelve Sky 2,https://www.freetogame.com/g/287/thumbnail.jpg,There’s a lot of world to explore in this fantasy MMORPG!,https://www.freetogame.com/open/twelve-sky-2,MMORPG,PC (Windows),RedFox Games,SG Data,2009-09-09,https://www.freetogame.com/twelve-sky-2
242,Mabinogi,https://www.freetogame.com/g/242/thumbnail.jpg,A free-to-play adventure MMORPG where you can create a unique character and live your fantasy life.,https://www.freetogame.com/open/mabinogi,MMORPG,PC (Windows),Nexon America Inc. ,NEXON Korea Corp.,2012-12-06,https://www.freetogame.com/mabinogi
322,La Tale Evolved,https://www.freetogame.com/g/322/thumbnail.jpg,A 2D side-scrolling fantasy MMORPG with anime-inspired graphics.,https://www.freetogame.com/open/la-tale,MMORPG,PC (Windows),Papaya Play,Actoz Soft,2017-11-17,https://www.freetogame.com/la-tale
198,Creativerse,https://www.freetogame.com/g/198/thumbnail.jpg,"Playful Corporation enters the sandbox, voxel world with their free-to-play title Creativers.",https://www.freetogame.com/open/creativerse,MMO,PC (Windows),Playful Corporation,Playful Corporation,2014-08-12,https://www.freetogame.com/creativerse
479,Blood of Steel,https://www.freetogame.com/g/479/thumbnail.jpg,"Blood of Steel is an online competitive strategy game featuring some of the most well-known figures throughout medieval history. Choose your general – a Crusader, Viking, Ninja or one of those from the Three Kingdoms. Build your kingdom and command armies in epic PvP battles using classic medieval warfare tactics.",https://www.freetogame.com/open/blood-of-steel,Strategy,PC (Windows),YC Games,YC Games,2020-10-20,https://www.freetogame.com/blood-of-steel
12,War Thunder,https://www.freetogame.com/g/12/thumbnail.jpg,A MMO shooter that puts you in command of hundreds of the finest combat vehicles of World War II.,https://www.freetogame.com/open/war-thunder,Shooter,PC (Windows),Gaijin Entertainment,Gaijin Entertainment,2013-08-15,https://www.freetogame.com/war-thunder
32,Champions Of Titan,https://www.freetogame.com/g/32/thumbnail.jpg,A free-to-play sci-fi MMORPG from IDC/Games. ,https://www.freetogame.com/open/champions-of-titan,MMORPG,PC (Windows),IDC/Games,Insel Games,2017-12-14,https://www.freetogame.com/champions-of-titan
205,Elsword,https://www.freetogame.com/g/205/thumbnail.jpg,A Free to Play 3D side scrolling action MMORPG with many heroes.,https://www.freetogame.com/open/elsword,MMORPG,PC (Windows),KOG Games,KOG,2011-03-23,https://www.freetogame.com/elsword
288,Champions Online,https://www.freetogame.com/g/288/thumbnail.jpg,A superhero MMORPG created by the same studio behind City of Heroes.,https://www.freetogame.com/open/champions-online,MMORPG,PC (Windows),Perfect World Entertainment,Cryptic Studios,2009-09-01,https://www.freetogame.com/champions-online
337,Priston Tale,https://www.freetogame.com/g/337/thumbnail.jpg,A free to play action-oriented fantasy MMORPG!,https://www.freetogame.com/open/priston-tale,MMORPG,PC (Windows),Suba Games,Trglow Pictures,2007-05-17,https://www.freetogame.com/priston-tale
130,SNOW,https://www.freetogame.com/g/130/thumbnail.jpg,"A free-to-play skiing and snowboarding game, compete solo or with friends in multiplayer modes.",https://www.freetogame.com/open/snow,Sports,PC (Windows),Poppermost Productions,Poppermost Productions,2016-01-27,https://www.freetogame.com/snow
136,VEGA Conflict,https://www.freetogame.com/g/136/thumbnail.jpg,A Cross-Platform free to play 2D sci-fi strategy MMO.,https://www.freetogame.com/open/vega-conflict,Strategy,PC (Windows),KIXEYE,KIXEYE,2015-12-15,https://www.freetogame.com/vega-conflict
451,Rise of Legions,https://www.freetogame.com/g/451/thumbnail.jpg,A free-to-play fantasy RTS developed by Broken Games and published by Crunchy Leaf Games. ,https://www.freetogame.com/open/rise-of-legions,Strategy,PC (Windows),Crunchy Leaf Games,Broken Games,2019-08-30,https://www.freetogame.com/rise-of-legions
13,Guild Wars 2,https://www.freetogame.com/g/13/thumbnail.jpg,"A free-to-play MMORPG, the follow-up to ArenaNet's popular Guild Wars. ",https://www.freetogame.com/open/guild-wars-2,MMORPG,PC (Windows),NCsoft,ArenaNet,2012-08-28,https://www.freetogame.com/guild-wars-2
184,Blockade 3D,https://www.freetogame.com/g/184/thumbnail.jpg,A free to play FPS in an editable procedural world.,https://www.freetogame.com/open/blockade-3d,Shooter,PC (Windows),Shumkov Dmitriy,Shumkov Dmitriy,2014-11-05,https://www.freetogame.com/blockade-3d
278,Mortal Online,https://www.freetogame.com/g/278/thumbnail.jpg,A unique free to play First Person sandbox MMORPG.,https://www.freetogame.com/open/mortal-online,MMORPG,PC (Windows),Star Vault AB ,Star Vault AB ,2010-06-09,https://www.freetogame.com/mortal-online
67,Awesomenauts,https://www.freetogame.com/g/67/thumbnail.jpg,A 3v3 2D battle arena Developed by Ronimo games.,https://www.freetogame.com/open/awesomenauts,MOBA,PC (Windows),Ronimo Games,Ronimo Games,2017-05-24,https://www.freetogame.com/awesomenauts
125,Atom Universe,https://www.freetogame.com/g/125/thumbnail.jpg,A free-to-play multiplayer online social Virtual World set in a theme park.,https://www.freetogame.com/open/atom-universe,Social,PC (Windows),Atom Republic,Atom Republic,2016-02-27,https://www.freetogame.com/atom-universe
258,APB Reloaded,https://www.freetogame.com/g/258/thumbnail.jpg,A free to play 3D MMO third person shooter game brought to you by GTA creator.,https://www.freetogame.com/open/apb,Shooter,PC (Windows),Reloaded Games,Reloaded Productions,2010-06-29,https://www.freetogame.com/apb
295,Florensia,https://www.freetogame.com/g/295/thumbnail.jpg,"A free to play fantasy MMORPG with legendary worlds ashore and at 
sea.",https://www.freetogame.com/open/florensia,MMORPG,PC (Windows),Netts Corporation,Netts Corporation,2008-10-15,https://www.freetogame.com/florensia
60,Brink,https://www.freetogame.com/g/60/thumbnail.jpg,"A free-to-play first-person-shoot developed by Splash 
Damage and published by Bethesda Softworks. ",https://www.freetogame.com/open/brink,Shooter,PC (Windows),Bethesda Softworks,Splash Damage,2011-05-09,https://www.freetogame.com/brink
265,9Dragons,https://www.freetogame.com/g/265/thumbnail.jpg,A martial arts themed MMORPG set in China during the Ming Dynasty.,https://www.freetogame.com/open/9dragons,MMORPG,PC (Windows),Battlezone,JoongWon Games,2007-05-09,https://www.freetogame.com/9dragons
64,Secret World Legends,https://www.freetogame.com/g/64/thumbnail.jpg,A free-to-play reboot of The Secret World. ,https://www.freetogame.com/open/secret-world-legends,MMORPG,PC (Windows),Funcom,Funcom,2017-07-31,https://www.freetogame.com/secret-world-legends
336,Anarchy Online,https://www.freetogame.com/g/336/thumbnail.jpg,A free to play Sci-Fi MMO that has withstood the test of time.,https://www.freetogame.com/open/anarchy-online,MMORPG,PC (Windows),Funcom,Funcom,2001-06-27,https://www.freetogame.com/anarchy-online
203,Robocraft,https://www.freetogame.com/g/203/thumbnail.jpg,A free-to-play MMO sandbox building game! ,https://www.freetogame.com/open/robocraft,MMO,PC (Windows),Freejam,Freejam,2014-07-08,https://www.freetogame.com/robocraft
94,Battlerite,https://www.freetogame.com/g/94/thumbnail.jpg,A free-to-play team arena brawler developed by Stunlock Studios. Players play as one of several available champions on teams in 2v2 or 3v3 matches. ,https://www.freetogame.com/open/battlerite,MOBA,PC (Windows),Stunlock Studios,Stunlock Studios,2016-09-21,https://www.freetogame.com/battlerite
435,Battle Breakers,https://www.freetogame.com/g/435/thumbnail.jpg,A multi-platform free-to-play RPG developed and published by Epic Games for PC and Android devices.  ,https://www.freetogame.com/open/battlebreakers,Strategy,PC (Windows),Epic Games,Epic Games,2019-11-13,https://www.freetogame.com/battlebreakers
192,WAKFU,https://www.freetogame.com/g/192/thumbnail.jpg,"A 2D tactical turn-based fantasy MMORPG developed by Ankama Games, in conjunction with Square Enix.",https://www.freetogame.com/open/wakfu,MMORPG,PC (Windows),Ankama Games,Ankama Studio,2014-09-19,https://www.freetogame.com/wakfu
300,Rohan: Blood Feud,https://www.freetogame.com/g/300/thumbnail.jpg,A free-to-play medieval MMORPG highly-focused on PVP.,https://www.freetogame.com/open/rohan-blood-feud,MMORPG,PC (Windows),Playwith Interactive,Playwith Interactive,2008-05-28,https://www.freetogame.com/rohan-blood-feud
329,Kal Online,https://www.freetogame.com/g/329/thumbnail.jpg,A Korean Fantasy MMORPG developed by Inixsoft.,https://www.freetogame.com/open/kalonline,MMORPG,PC (Windows),Inisxoft,Inisxoft,2004-06-11,https://www.freetogame.com/kalonline
504,Magic: Legends,https://www.freetogame.com/g/504/thumbnail.jpg,The world of Magic comes to life in Perfect World Entertainment and Cryptic’s Online Action RPG Magic: Legends. ,https://www.freetogame.com/open/magic-legends,ARPG,PC (Windows),Perfect World Entertainment,Cryptic,2018-11-23,https://www.freetogame.com/magic-legends
159,Codename CURE,https://www.freetogame.com/g/159/thumbnail.jpg,"A free to play 3D MMOFPS featuring cooperative play, and objective-based missions.",https://www.freetogame.com/open/codename-cure,Shooter,PC (Windows),Hoobalugalar_X,Hoobalugalar_X,2015-07-18,https://www.freetogame.com/codename-cure
167,Salem,https://www.freetogame.com/g/167/thumbnail.jpg,"A free-to-play, sandbox type MMO based on the times and trials of living.",https://www.freetogame.com/open/salem,MMORPG,PC (Windows),Mortal Moments,John Carver,2015-06-19,https://www.freetogame.com/salem
441,Legends of Runeterra,https://www.freetogame.com/g/441/thumbnail.jpg,A free-to-play CCG based on Riot Games' MOBA League of Legends.,https://www.freetogame.com/open/runeterra,Card Game,PC (Windows),Riot Games,Riot Games,2020-01-24,https://www.freetogame.com/runeterra
261,No More Room in Hell,https://www.freetogame.com/g/261/thumbnail.jpg,A free to play cooperative FPS survival horror mod for the Source Engine.,https://www.freetogame.com/open/no-more-room-in-hell,Shooter,PC (Windows),Lever Games,No More Room in Hell Team,2011-10-31,https://www.freetogame.com/no-more-room-in-hell
280,WolfTeam,https://www.freetogame.com/g/280/thumbnail.jpg,A free to play MMOFPS with a twist.,https://www.freetogame.com/open/wolfteam,Shooter,PC (Windows),Aeria Games,Softnyx,2009-07-09,https://www.freetogame.com/wolfteam
217,Smite,https://www.freetogame.com/g/217/thumbnail.jpg,A popular free-to-play 3D MOBA where you take on the role of an ancient god.,https://www.freetogame.com/open/smite,MOBA,PC (Windows),Hi-Rez Studios,Hi-Rez Studios,2014-03-25,https://www.freetogame.com/smite
502,Primordials: Battle of Gods,https://www.freetogame.com/g/502/thumbnail.jpg,Build armies and fight for control of the realm in Global Dodo Entertainment’s 1v1 strategy game Primordials: Battle of Gods. ,https://www.freetogame.com/open/primordials-battle-of-gods,Strategy,PC (Windows),Wire Games,Global Dodo Entertainment,2021-03-04,https://www.freetogame.com/primordials-battle-of-gods
325,MapleStory,https://www.freetogame.com/g/325/thumbnail.jpg,"A popular free-to-play 2D side-scrolling MMORPG with tons of quests, and a huge game world!",https://www.freetogame.com/open/maplestory,MMORPG,PC (Windows),Nexon,Wizet,2005-05-11,https://www.freetogame.com/maplestory
275,Dragon Saga,https://www.freetogame.com/g/275/thumbnail.jpg,A free to play arcade­-style side­-scrolling 3D MMORPG.,https://www.freetogame.com/open/dragon-saga,MMORPG,PC (Windows),Gravity Interactive,Gravity Interactive,2010-10-28,https://www.freetogame.com/dragon-saga
28,Spacelords,https://www.freetogame.com/g/28/thumbnail.jpg,A free-to-play 4v1 sci-fi shooter. ,https://www.freetogame.com/open/spacelords,Shooter,PC (Windows), MercurySteam Entertainment,MercurySteam,2018-09-22,https://www.freetogame.com/spacelords
316,Scions of Fate,https://www.freetogame.com/g/316/thumbnail.jpg,A friendly free to play MMORPG with easy to pick up controls.,https://www.freetogame.com/open/scions-of-fate,MMORPG,PC (Windows),NETGAME Inc,MGAME Corporation,2018-01-30,https://www.freetogame.com/scions-of-fate
277,Aika Online,https://www.freetogame.com/g/277/thumbnail.jpg,A free-to-play MMORPG with large scale PvP battles.,https://www.freetogame.com/open/aika-online,MMORPG,PC (Windows),HanbitSoft,JoyImpact,2010-08-27,https://www.freetogame.com/aika-online
88,Shadowverse,https://www.freetogame.com/g/88/thumbnail.jpg,A free-to-play strategic CCG developed and published by Cygamesm the creators of Rage of Bahamut and Granblu Fantasy. ,https://www.freetogame.com/open/shadowverse,Card Game,PC (Windows),"Cygames, Inc.","Cygames, Inc.",2016-10-28,https://www.freetogame.com/shadowverse
89,AdventureQuest 3D,https://www.freetogame.com/g/89/thumbnail.jpg,A free to play cross-platform MMORPG from the creators of the original 2D RPG game.,https://www.freetogame.com/open/adventurequest-3d,MMORPG,PC (Windows),Artix Entertainment,Artix Entertainment,2016-10-19,https://www.freetogame.com/adventurequest-3d
149,America’s Army: Proving Grounds,https://www.freetogame.com/g/149/thumbnail.jpg,"Take a first person shooter, have the game developed by the U.S. Army and you’ve got America’s Army.",https://www.freetogame.com/open/americas-army,Shooter,PC (Windows),U.S. Army,U.S. Army,2015-10-01,https://www.freetogame.com/americas-army
254,AION,https://www.freetogame.com/g/254/thumbnail.jpg,"A high fantasy, free-to-play MMORPG that centers on the war between the game’s two factions: The Asmodians and the Elyos.",https://www.freetogame.com/open/aion,MMORPG,PC (Windows),NCSOFT,NCSOFT,2008-11-25,https://www.freetogame.com/aion
58,The Ultimatest Battle,https://www.freetogame.com/g/58/thumbnail.jpg,A free-to-play 2D platform game that pits two teams of players against each other in a variety of modes. ,https://www.freetogame.com/open/the-ultimatest-battle,Fighting,PC (Windows),Ediogames,Ediogames,2017-09-12,https://www.freetogame.com/the-ultimatest-battle
93,Riding Club Championships,https://www.freetogame.com/g/93/thumbnail.jpg,An online competitive horse riding game inspired by traditional equestrian disciplines. ,https://www.freetogame.com/open/riding-club-championships,Racing,PC (Windows),Artplant,Artplant,2016-09-27,https://www.freetogame.com/riding-club-championships
116,Tree of Savior,https://www.freetogame.com/g/116/thumbnail.jpg,"A fantasy 3D MMORPG with a massive freedom of choice, cute looking characters and a distinct art style. ",https://www.freetogame.com/open/tree-of-savior,MMORPG,PC (Windows),IMC Games,IMC Games,2016-05-10,https://www.freetogame.com/tree-of-savior
267,Mission Against Terror,https://www.freetogame.com/g/267/thumbnail.jpg,A free to play fast-paced lobby-based MMOFPS with lots of game modes and tons of weapons.,https://www.freetogame.com/open/mat,Shooter,PC (Windows),Suba Games,Kingsoft,2011-07-08,https://www.freetogame.com/mat
47,Bombtag,https://www.freetogame.com/g/47/thumbnail.jpg,A free-to-play multiplayer Bomberman-inspired game.,https://www.freetogame.com/open/bombtag,Strategy,PC (Windows),David Schneider,David Schneider,2018-02-12,https://www.freetogame.com/bombtag
320,Dungeons and Dragons Online,https://www.freetogame.com/g/320/thumbnail.jpg,A free-to-play MMORPG based on the beloved D&D RPG that started it all.,https://www.freetogame.com/open/dungeons-dragons-online,MMORPG,PC (Windows),Warner Bros. Interactive Entertainment,"Turbine, Inc.",2006-02-28,https://www.freetogame.com/dungeons-dragons-online
202,Heroes & Generals,https://www.freetogame.com/g/202/thumbnail.jpg,"A World War II-based MMOFPS that mixes infantry, armor, and aircraft.",https://www.freetogame.com/open/heroes-and-generals,Shooter,PC (Windows),Reto-Moto,Reto-Moto,2014-07-11,https://www.freetogame.com/heroes-and-generals
209,Freestyle2: Street Basketball,https://www.freetogame.com/g/209/thumbnail.jpg,A free to play MMO street basketball game. Team up with the best street ballers! ,https://www.freetogame.com/open/freestyle2-street-basketball,Sports,PC (Windows),Joycity,Joycity,2014-06-20,https://www.freetogame.com/freestyle2-street-basketball
231,Panzar,https://www.freetogame.com/g/231/thumbnail.jpg,"A free-to-play multiplayer third-person shooter with 
rpg elements and CryEngine 3 powered 
graphics.",https://www.freetogame.com/open/panzar,MOBA,PC (Windows),Panzar,Troxit Service,2013-04-12,https://www.freetogame.com/panzar
169,Dirty Bomb,https://www.freetogame.com/g/169/thumbnail.jpg,A free-to-play first person shooter multiplayer game set in a post-apocalyptic London.,https://www.freetogame.com/open/dirty-bomb,Shooter,PC (Windows),"
Warchest Ltd.",Splash Damage,2015-06-01,https://www.freetogame.com/dirty-bomb
313,Teeworlds,https://www.freetogame.com/g/313/thumbnail.jpg,A free to play retro multiplayer online shooter where you can even design your own maps!,https://www.freetogame.com/open/teeworlds,Shooter,PC (Windows),Teeworlds Team ,Teeworlds Team ,2007-05-27,https://www.freetogame.com/teeworlds
71,Catan Universe,https://www.freetogame.com/g/71/thumbnail.jpg,A free-to-play strategy game based on the classic board and card games. ,https://www.freetogame.com/open/catan-universe,Card Game,PC (Windows),United Soft Media,Exozet,2017-04-25,https://www.freetogame.com/catan-universe
333,Metin2,https://www.freetogame.com/g/333/thumbnail.jpg,A classic free to play 3D MMORPG with a retro feel.,https://www.freetogame.com/open/metin2,MMORPG,PC (Windows),Gameforge,Ymir Entertainment,2006-12-17,https://www.freetogame.com/metin2
112,Weapons Of Mythology,https://www.freetogame.com/g/112/thumbnail.jpg,A 3D free-to-play fantasy MMORPG published by IDC/Games. ,https://www.freetogame.com/open/weapons-of-mythology,MMORPG,PC (Windows),IDC/Games,Gamemag,2016-06-07,https://www.freetogame.com/weapons-of-mythology
298,Perfect World International,https://www.freetogame.com/g/298/thumbnail.jpg,"A free-to-play fantasy MMORPG, that focuses heavily on Chinese mythology.",https://www.freetogame.com/open/pwi,MMORPG,PC (Windows),"Beijing Perfect World, Perfect World Entertainment",Beijing Perfect World,2008-09-02,https://www.freetogame.com/pwi
499,Slapshot: Rebound,https://www.freetogame.com/g/499/thumbnail.jpg,"Do you like hockey? How about physic-based multiplayer, arcade-style sports games with cute graphics? Well, this is the one for you.",https://www.freetogame.com/open/slapshot-rebound,Sports,PC (Windows),Oddshot Games,Oddshot Games,2020-12-07,https://www.freetogame.com/slapshot-rebound
33,Caller’s Bane,https://www.freetogame.com/g/33/thumbnail.jpg,The free-to-play reboot of Mojang's card/board game Scrolls. ,https://www.freetogame.com/open/callers-bane,Card Game,PC (Windows),Mojang AB,Mojang AB,2018-06-21,https://www.freetogame.com/callers-bane
307,Shaiya,https://www.freetogame.com/g/307/thumbnail.jpg,A free to play 3D MMORPG similar to World of Warcraft and Lineage 2.,https://www.freetogame.com/open/shaiya,MMORPG,PC (Windows),Aeria Games,Aeria Games,2007-12-24,https://www.freetogame.com/shaiya
92,One Tower,https://www.freetogame.com/g/92/thumbnail.jpg,"A unique 1v1 MOBA known as a ""micro-moba"" developed and published by SkyReacher following a successful Kickstarter. ",https://www.freetogame.com/open/one-tower,MOBA,PC (Windows),SkyReacher Entertainment,SkyReacher Entertainment,2016-11-11,https://www.freetogame.com/one-tower
110,UFO Online: Invasion,https://www.freetogame.com/g/110/thumbnail.jpg,"A free-to-play post-apocalyptic, turn-based tactical combat 
MMO developed by Bad Pixel. ",https://www.freetogame.com/open/ufo-online-invasion,MMORPG,PC (Windows),Bad Pixel,Bad Pixel,2016-06-08,https://www.freetogame.com/ufo-online-invasion
199,Royal Quest,https://www.freetogame.com/g/199/thumbnail.jpg,"A free to play fantasy MMORPG game with unique PvPvE locations, PvP Arenas, Battlegrounds and Castle Sieges. ",https://www.freetogame.com/open/royal-quest,MMORPG,PC (Windows),1C Online Games ,Katauri ,2014-08-06,https://www.freetogame.com/royal-quest
238,Tera,https://www.freetogame.com/g/238/thumbnail.jpg,A free to play action-packed MMORPG with real-time Combat!,https://www.freetogame.com/open/tera,MMORPG,PC (Windows),En Masse Entertainment,Bluehole Studio,2013-02-05,https://www.freetogame.com/tera
505,Mythgard,https://www.freetogame.com/g/505/thumbnail.jpg,"Rhino Games Inc.’s CCG Mythgard combines cyberpunk with the heroes, gods, and creatures of the fantasy in a modern setting to create a world where magic competes against technology for control.",https://www.freetogame.com/open/mythgard,Card,PC (Windows),Rhino Games Inc.,Rhino Games Inc.,2019-09-18,https://www.freetogame.com/mythgard
30,Quake Champions,https://www.freetogame.com/g/30/thumbnail.jpg,"Quake Champions is a callback to the early days of the Quake IP, featuring the fast-paced action that made the IP popular over two decades ago. ",https://www.freetogame.com/open/quake-champions,Shooter,PC (Windows),Bethesda Softworks,id Software,2017-08-22,https://www.freetogame.com/quake-champions
182,Dungeon Defenders 2,https://www.freetogame.com/g/182/thumbnail.jpg,A free-to-play cooperative 3D tower-defense game by Trendy Entertainment.,https://www.freetogame.com/open/dungeon-defenders-2,Shooter,PC (Windows),Trendy Entertainment,Trendy Entertainment,2014-12-05,https://www.freetogame.com/dungeon-defenders-2
31,Cosmos Invictus,https://www.freetogame.com/g/31/thumbnail.jpg,A strategic collectible card game developed and published by Pegnio Ltd. ,https://www.freetogame.com/open/cosmos-invictus,Card Game,PC (Windows),Pegnio Ltd,Pegnio Ltd,2018-06-27,https://www.freetogame.com/cosmos-invictus
70,Alien Swarm: Reactive Drop,https://www.freetogame.com/g/70/thumbnail.jpg,A free-to-play top-down tactical co-op expansion on the Alien swarm game and Source SDK.,https://www.freetogame.com/open/alien-swarm-reactive-drop,Shooter,PC (Windows),Reactive Drop,Reactive Drop,2017-04-20,https://www.freetogame.com/alien-swarm-reactive-drop
461,Shop Titans,https://www.freetogame.com/g/461/thumbnail.jpg,A free-to-play RPG shopkeeper simulation game where you are responsible for designing and maintaining your own shop.,https://www.freetogame.com/open/shop-titans,Strategy,PC (Windows),"Kabam Games, Inc.","Kabam Games, Inc.",2020-05-05,https://www.freetogame.com/shop-titans
279,Heroes of Newerth,https://www.freetogame.com/g/279/thumbnail.jpg,A free-to-play MOBA game originally created by S2 Games.,https://www.freetogame.com/open/heroes-of-newerth,MOBA,PC (Windows),S2 Games,S2 Games,2010-05-12,https://www.freetogame.com/heroes-of-newerth
324,Dream of Mirror Online,https://www.freetogame.com/g/324/thumbnail.jpg,A free to play fantasy MMORPG with tons of social features.,https://www.freetogame.com/open/domo,MMORPG,PC (Windows),SubaGames,SoftStar,2005-09-03,https://www.freetogame.com/domo
137,Metal War Online: Retribution,https://www.freetogame.com/g/137/thumbnail.jpg,A high-speed multiplayer online concept car shooter game with racing elements!,https://www.freetogame.com/open/metal-war-online,Shooter,PC (Windows),GDT Limited,GDT Limited,2015-12-11,https://www.freetogame.com/metal-war-online
251,The Lord of the Rings Online,https://www.freetogame.com/g/251/thumbnail.jpg,"A free to play MMORPG set in the world of J.R.R. Tolkien's 
classic fantasy saga.",https://www.freetogame.com/open/lotro,MMORPG,PC (Windows),Warner Bros. Interactive Entertainment,"Turbine, Inc.",2001-04-24,https://www.freetogame.com/lotro
269,Spiral Knights,https://www.freetogame.com/g/269/thumbnail.jpg,"A massively multiplayer online role-playing game, battle monsters and collect treasures!",https://www.freetogame.com/open/spiral-knights,MMORPG,PC (Windows),SEGA,Three Rings,2011-06-15,https://www.freetogame.com/spiral-knights
306,4Story,https://www.freetogame.com/g/306/thumbnail.jpg,"A enjoyable MMORPG where you can customize your character, join guilds and battle other factions.",https://www.freetogame.com/open/4story,MMORPG,PC (Windows),Zemi Interactive,Zemi Interactive,2008-10-20,https://www.freetogame.com/4story
319,Ace Online,https://www.freetogame.com/g/319/thumbnail.jpg,A free to play fast action 3D sci-fi MMO where players control space fighters jets.,https://www.freetogame.com/open/ace-online,Shooter,PC (Windows),Suba Games,MasangSoft,2008-08-29,https://www.freetogame.com/ace-online
180,Gear Up,https://www.freetogame.com/g/180/thumbnail.jpg,Control your unique tank or robot in multiplayer arcade action!,https://www.freetogame.com/open/gear-up,Shooter,PC (Windows),Doctor Entertainment,Doctor Entertainment,2015-01-29,https://www.freetogame.com/gear-up
51,Global Adventures,https://www.freetogame.com/g/51/thumbnail.jpg,A free-to-play MMORPG developed by PixelSoft and Published by SubaGames. ,https://www.freetogame.com/open/global-adventures,MMORPG,PC (Windows),SubaGames,PixelSoft,2017-12-29,https://www.freetogame.com/global-adventures
309,Seal Online,https://www.freetogame.com/g/309/thumbnail.jpg,A free MMORP that has been out for a long period of time with solid history under its belt.,https://www.freetogame.com/open/seal-online,MMORPG,PC (Windows),YNK Interactive,YNK Interactive,2007-11-19,https://www.freetogame.com/seal-online
91,Eternal,https://www.freetogame.com/g/91/thumbnail.jpg,"A strategy card game designed to take the best elements of Magic the Gathering, Hearthstone, and Hex and combine them all into one game.",https://www.freetogame.com/open/eternal,Card Game,PC (Windows),Dire Wolf Digital,Dire Wolf Digital,2018-11-15,https://www.freetogame.com/eternal
161,Skyforge,https://www.freetogame.com/g/161/thumbnail.jpg,A impressive Free to play MMORPG where you can become a god! ,https://www.freetogame.com/open/skyforge,MMORPG,PC (Windows),My.com,Allods Team & Obsidian Entertainment Collaboration,2015-07-16,https://www.freetogame.com/skyforge
244,AirMech Strike,https://www.freetogame.com/g/244/thumbnail.jpg,A free to play Action RTS with MOBA elements.,https://www.freetogame.com/open/airmech,Strategy,PC (Windows),Carbon Games,Carbon Games,2012-11-08,https://www.freetogame.com/airmech
290,Runes of Magic,https://www.freetogame.com/g/290/thumbnail.jpg,A free-to-play fantasy 3D MMORPG set in the fantasy world of Taborea.,https://www.freetogame.com/open/runes-of-magic,MMORPG,PC (Windows),GameForge,Runewalker Entertainment,2009-03-19,https://www.freetogame.com/runes-of-magic
328,Dofus,https://www.freetogame.com/g/328/thumbnail.jpg,A 2D MMORPG with tons of different classes and a tactical combat system.,https://www.freetogame.com/open/dofus,MMORPG,PC (Windows),Ankama Games,Ankama Games,2004-09-01,https://www.freetogame.com/dofus
168,Heroes of the Storm,https://www.freetogame.com/g/168/thumbnail.jpg,A free to play MOBA developed by Blizzard Entertainment.,https://www.freetogame.com/open/heroes-of-the-storm,MOBA,PC (Windows), Blizzard Entertainment, Blizzard Entertainment,2015-06-02,https://www.freetogame.com/heroes-of-the-storm
226,Path of Exile,https://www.freetogame.com/g/226/thumbnail.jpg,A free-to-play massively multiplayer online ARPG in the style of Diablo.,https://www.freetogame.com/open/path-of-exile,MMORPG,PC (Windows),Grinding Gear Games,Grinding Gear Games,2013-10-23,https://www.freetogame.com/path-of-exile
59,Insidia,https://www.freetogame.com/g/59/thumbnail.jpg,"A free-to-play tactical, turn-based dueling game developed and published by Bad Seed. ",https://www.freetogame.com/open/insidia,Strategy,PC (Windows),Bad Seed,Bad Seed,2017-09-07,https://www.freetogame.com/insidia
332,Red Stone Online,https://www.freetogame.com/g/332/thumbnail.jpg,A free to play 2D old school isometric MMORPG similar to Diablo.,https://www.freetogame.com/open/red-stone-online,MMORPG,PC (Windows),"L＆K CO., LTD","L＆K CO., LTD",2003-10-06,https://www.freetogame.com/red-stone-online
83,Heavy Metal Machines,https://www.freetogame.com/g/83/thumbnail.jpg,A free-to-play multiplayer vehicular combat game based in a post-apocalyptic world.,https://www.freetogame.com/open/heavy-metal-machines,MOBA,PC (Windows),Hoplon,Hoplon,2017-01-31,https://www.freetogame.com/heavy-metal-machines
187,Pox Nora,https://www.freetogame.com/g/187/thumbnail.jpg,A multiplayer online game that combines a collectible card game with a turn-based strategy game.,https://www.freetogame.com/open/pox-nora,Card Game,PC (Windows),Desert Owl Games LLC ,Desert Owl Games LLC ,2014-10-15,https://www.freetogame.com/pox-nora
235,Star Conflict,https://www.freetogame.com/g/235/thumbnail.jpg,A free to play action-packed MMO space simulation game.,https://www.freetogame.com/open/star-conflict,Shooter,PC (Windows),Gaijin Entertainment,Star Gem Inc.,2013-02-28,https://www.freetogame.com/star-conflict
248,Continent of the Ninth Seal,https://www.freetogame.com/g/248/thumbnail.jpg,A free MMORPG where players take part as heroes of Glenheim to stand together against Nefer.,https://www.freetogame.com/open/c9,MMORPG,PC (Windows),Webzen,NHN Games (Acquired by Webzen),2012-09-13,https://www.freetogame.com/c9
42,Spellsworn,https://www.freetogame.com/g/42/thumbnail.jpg,A free-to-play arena battle game developed and published by Frogsong Studios AB. ,https://www.freetogame.com/open/spellsworn,MOBA,PC (Windows),Frogsong Studios AB,Frogsong Studios AB,2018-03-13,https://www.freetogame.com/spellsworn
334,Mu Online,https://www.freetogame.com/g/334/thumbnail.jpg,A free to play Dungeon Crawler game like Diablo!,https://www.freetogame.com/open/mu-online,MMORPG,PC (Windows),Webzen,Webzen,2003-10-06,https://www.freetogame.com/mu-online
128,Spellweaver,https://www.freetogame.com/g/128/thumbnail.jpg,"A free-to-play multiplayer online collectible card 
game that requires deep strategic and 
thinking.",https://www.freetogame.com/open/spellweaver,Card Game,PC (Windows),Dream Reactor,Dream Reactor,2016-02-02,https://www.freetogame.com/spellweaver
222,MechWarrior Online,https://www.freetogame.com/g/222/thumbnail.jpg,A free-to-play PvP game that's a faithful adaptation of the popular MechWarrior strategy board games.,https://www.freetogame.com/open/mechwarrior-online,Shooter,PC (Windows),Piranha Games Inc.,Piranha Games Inc.,2015-12-10,https://www.freetogame.com/mechwarrior-online
240,Epic Cards Battle,https://www.freetogame.com/g/240/thumbnail.jpg,A free to play online strategic trading card game with dozens of cards and five factions. ,https://www.freetogame.com/open/epic-card-battle,Card Game,PC (Windows),momoStorm Entertainment,momoStorm,2013-01-29,https://www.freetogame.com/epic-card-battle
186,Double Action,https://www.freetogame.com/g/186/thumbnail.jpg,A free to play FPS with bullet time and stylish kills!,https://www.freetogame.com/open/double-action,Shooter,PC (Windows),Double Action Factory ,Double Action Factory ,2014-10-23,https://www.freetogame.com/double-action
315,Voyage Century Online,https://www.freetogame.com/g/315/thumbnail.jpg,A massive open world ship vs. ship combat game where players will take charge of their own vessel.,https://www.freetogame.com/open/voyage-century-online,MMORPG,PC (Windows),IGG,Snail Games,2006-12-22,https://www.freetogame.com/voyage-century-online
97,Otherland,https://www.freetogame.com/g/97/thumbnail.jpg,A free-to-play MMO based on the popular novels by Tad Williams. ,https://www.freetogame.com/open/otherland,MMORPG,PC (Windows),GmbH,Drago Entertainment,2015-09-10,https://www.freetogame.com/otherland
239,Dogs of War Online,https://www.freetogame.com/g/239/thumbnail.jpg,Based on the famous miniature board game Confrontation!,https://www.freetogame.com/open/dogs-war-online,Strategy,PC (Windows),Cyanide,Cyanide,2014-02-04,https://www.freetogame.com/dogs-war-online
257,Star Wars: The Old Republic,https://www.freetogame.com/g/257/thumbnail.jpg,A 3D sci-fi MMORPG based on the popular Star Wars universe and brought to you by Bioware. ,https://www.freetogame.com/open/swtor,MMORPG,PC (Windows),Electronic Arts,Bioware,2011-12-20,https://www.freetogame.com/swtor
314,Audition Online,https://www.freetogame.com/g/314/thumbnail.jpg,"A 3D rhythm MMO, Compete against other players in dance competitions.",https://www.freetogame.com/open/audition-online,Social,PC (Windows),Redbana Corporation,T3 Entertainment,2007-04-02,https://www.freetogame.com/audition-online
321,RF Online,https://www.freetogame.com/g/321/thumbnail.jpg,A free to play Sci-fi MMORPG with Large-Scale PvP and fast-paced gameplay.,https://www.freetogame.com/open/rf-online,MMORPG,PC (Windows),RedFox Games,CCR Inc.,2006-02-21,https://www.freetogame.com/rf-online
99,Star Crusade,https://www.freetogame.com/g/99/thumbnail.jpg,A free-to-play sci-fi themed collectable card game developed and published by ZiMAD inc. ,https://www.freetogame.com/open/star-crusade,Card Game,PC (Windows),"ZiMAD, Inc.","ZiMAD, Inc.",2016-09-08,https://www.freetogame.com/star-crusade
216,Prime World,https://www.freetogame.com/g/216/thumbnail.jpg,A unique action-­packed Moba game! ,https://www.freetogame.com/open/prime-world,MOBA,PC (Windows),Nival,Nival,2014-03-31,https://www.freetogame.com/prime-world
220,Hearthstone: Heroes of Warcraft,https://www.freetogame.com/g/220/thumbnail.jpg,"Blizzard's free-to-play collectible card game that 
draws its inspiration from World of Warcraft. ",https://www.freetogame.com/open/hearthstone-heroes-warcraft,Card Game,PC (Windows),Blizzard Entertainment,Blizzard Entertainment,2014-01-21,https://www.freetogame.com/hearthstone-heroes-warcraft
270,Forsaken World,https://www.freetogame.com/g/270/thumbnail.jpg,A free to play MMORPG from Perfect World Entertainment set in a PvP world featuring vampires!,https://www.freetogame.com/open/forsaken-world,MMORPG,PC (Windows),Arc Games,Perfect World Entertainment,2011-06-14,https://www.freetogame.com/forsaken-world
312,Granado Espada Online,https://www.freetogame.com/g/312/thumbnail.jpg,"Adventure back to colonial times where you can find prestige, wealth, adventure, and a lot of work.",https://www.freetogame.com/open/granado-espada,MMORPG,PC (Windows),T3Fun,IMC Games Co. Limited,2007-07-10,https://www.freetogame.com/granado-espada
72,Krosmaga,https://www.freetogame.com/g/72/thumbnail.jpg,"A free-to-play CCG/tower defense hybrid developed 
by Ankama Studio and published by 
Ankama Games. ",https://www.freetogame.com/open/krosmaga,Card Game,PC (Windows),Ankama Games,Ankama Studio,2017-04-12,https://www.freetogame.com/krosmaga
102,The Elder Scrolls: Legends,https://www.freetogame.com/g/102/thumbnail.jpg,A free-to-play CCG based on The Elder Scrolls franchise. ,https://www.freetogame.com/open/elder-scrolls-legends,Card Game,PC (Windows),Bethesda Softworks,Bethesda Softworks,2016-08-04,https://www.freetogame.com/elder-scrolls-legends
214,Villagers and Heroes,https://www.freetogame.com/g/214/thumbnail.jpg,A free-to-play fantasy sandbox 3D MMORPG that has plenty to offer gamers.,https://www.freetogame.com/open/villagers-and-heroes,MMORPG,PC (Windows),Mad Otter Games,Mad Otter Games,2014-04-17,https://www.freetogame.com/villagers-and-heroes
224,World of Warplanes,https://www.freetogame.com/g/224/thumbnail.jpg,A free-to-play flight combat MMO brought to you by Wargaming.,https://www.freetogame.com/open/world-of-warplanes,Shooter,PC (Windows),Wargaming,Wargaming,2013-11-12,https://www.freetogame.com/world-of-warplanes
241,Everquest,https://www.freetogame.com/g/241/thumbnail.jpg,"A fantasy MMORPG nearly two decades in the making. In fact, it’s the game that started it all! ",https://www.freetogame.com/open/everquest,MMORPG,PC (Windows),Daybreak Games,Daybreak Games,2012-12-13,https://www.freetogame.com/everquest
56,Grimoire: Manastorm,https://www.freetogame.com/g/56/thumbnail.jpg,A free-to-play multiplayer FPS... with wizards. ,https://www.freetogame.com/open/grimoire-manastorm,Shooter,PC (Windows),Omniconnection,Omniconnection,2015-02-04,https://www.freetogame.com/grimoire-manastorm
273,Bloodline Champions,https://www.freetogame.com/g/273/thumbnail.jpg,Free-to-Play Moba game where players engage in short battles of up to ten players divided into two teams.,https://www.freetogame.com/open/bloodline-champions,MOBA,PC (Windows),Stunlock Studios,Stunlock Studios,2011-01-13,https://www.freetogame.com/bloodline-champions
308,Angels Online,https://www.freetogame.com/g/308/thumbnail.jpg,A cute anime MMORPG with a good selection of classes.,https://www.freetogame.com/open/angels-online,MMORPG,PC (Windows),I Got Games,UserJoy Technology,2007-12-01,https://www.freetogame.com/angels-online
69,Cabals: Card Blitz,https://www.freetogame.com/g/69/thumbnail.jpg,A free-to-play game developed by Kyy Games and published by BISBOG SA. ,https://www.freetogame.com/open/cabals-card-blitz,Card Game,PC (Windows),BISBOG SA,Kyy Games,2017-02-08,https://www.freetogame.com/cabals-card-blitz
117,Astral Heroes,https://www.freetogame.com/g/117/thumbnail.jpg,A free-to-play collectable card game from the creators of Astral Masters. ,https://www.freetogame.com/open/astral-heroes,Card Game,PC (Windows),Apus Software,Apus Software,2016-03-15,https://www.freetogame.com/astral-heroes
124,Holodrive,https://www.freetogame.com/g/124/thumbnail.jpg,"A free-to-play 2D multiplayer shooter developed by BitCake Studio and published by Versus Evil in which players play as customizable robots or ""Dummys"". ",https://www.freetogame.com/open/holodrive,Shooter,PC (Windows),Versus Evil,BitCake Studio,2016-03-24,https://www.freetogame.com/holodrive
272,Allods Online,https://www.freetogame.com/g/272/thumbnail.jpg,A fantasy MMORPG that follows more traditional “World of Warcraft-like” MMO traditions.,https://www.freetogame.com/open/allods-online,MMORPG,PC (Windows),My.com,Allods Team,2011-04-26,https://www.freetogame.com/allods-online
339,Tibia,https://www.freetogame.com/g/339/thumbnail.jpg,"A old-school free-to-play massively multiplayer online 
role-playing game.",https://www.freetogame.com/open/tibia,MMORPG,PC (Windows),CipSoft,CipSoft,1997-01-07,https://www.freetogame.com/tibia
173,Block N Load,https://www.freetogame.com/g/173/thumbnail.jpg,A free-to-play multiplayer online shooter game that looks like a mix of Minecraft and Team Fortress 2.,https://www.freetogame.com/open/block-n-load,Shooter,PC (Windows),Jagex,"Jagex, Artplant",2015-04-30,https://www.freetogame.com/block-n-load
303,Saga,https://www.freetogame.com/g/303/thumbnail.jpg,A free-to-play MMORTS that also features city-building and trading card games.,https://www.freetogame.com/open/saga,Strategy,PC (Windows),Silverlode Interactive,"Silverlode Interactive , Wasatch Games",2008-02-26,https://www.freetogame.com/saga
109,LuckCatchers,https://www.freetogame.com/g/109/thumbnail.jpg,A free-to-play sandbox sim based on the novels of fantasy and steam-punk author A. Pehov.,https://www.freetogame.com/open/luckcatchers,MMORPG,PC (Windows),DiP Online,DiP Online,2016-06-15,https://www.freetogame.com/luckcatchers
447,Dota Underlords,https://www.freetogame.com/g/447/thumbnail.jpg,A free-to-play auto battler strategy game set in the world of Valve's Dota franchise.,https://www.freetogame.com/open/dota-underlords,Strategy,PC (Windows),Valve,Valve,2019-06-21,https://www.freetogame.com/dota-underlords
154,Sphere 3: Enchanted World,https://www.freetogame.com/g/154/thumbnail.jpg,A fantasy action MMORPG with a non-target combat system.,https://www.freetogame.com/open/sphere-3,MMORPG,PC (Windows),NIKITA ONLINE,NIKITA ONLINE,2015-08-18,https://www.freetogame.com/sphere-3
233,Kingdom Wars,https://www.freetogame.com/g/233/thumbnail.jpg,A free to play 3D MMORTS with real-time siege combat.,https://www.freetogame.com/open/kingdom-wars,Strategy,PC (Windows),"Reverie World Studios, INC","Reverie World Studios, INC",2013-04-01,https://www.freetogame.com/kingdom-wars
189,Uncharted Waters Online,https://www.freetogame.com/g/189/thumbnail.jpg,A free to play adventure MMORPG set on the high seas! ,https://www.freetogame.com/open/uncharted-waters-online,MMORPG,PC (Windows),Papaya Play ,"KOEI TECMO GAMES CO., LTD. ",2014-10-03,https://www.freetogame.com/uncharted-waters-online
236,The Banner Saga: Factions,https://www.freetogame.com/g/236/thumbnail.jpg,A free to play strategy RPG game with stunning hand-animated artwork and focus on multiplayer combat.,https://www.freetogame.com/open/banner-saga-factions,Strategy,PC (Windows),Versus Evil,Stoic ,2013-02-25,https://www.freetogame.com/banner-saga-factions
215,Hex,https://www.freetogame.com/g/215/thumbnail.jpg,HEX combines roleplaying aspects of a MMO with the collectible and strategic gameplay of a Trading Card Game.,https://www.freetogame.com/open/hex,Card Game,PC (Windows),"Hex Entertainment, Gameforge",Cryptozoic Entertainment,2014-04-11,https://www.freetogame.com/hex
293,Atlantica Online,https://www.freetogame.com/g/293/thumbnail.jpg,A free-to-play 3D tactical massively multiplayer online role-playing game.,https://www.freetogame.com/open/atlantica-online,MMORPG,PC (Windows),VALOFE,NDOORS Corporation,2008-10-30,https://www.freetogame.com/atlantica-online
190,Ryzom,https://www.freetogame.com/g/190/thumbnail.jpg,An MMORPG where players are immersed in a massive sandbox world.,https://www.freetogame.com/open/ryzom,MMORPG,PC (Windows),Winch Gate,Nevrax,2004-09-19,https://www.freetogame.com/ryzom
234,Champions of Regnum,https://www.freetogame.com/g/234/thumbnail.jpg,"A free to play, realm versus realm fantasy MMORPG.",https://www.freetogame.com/open/champions-of-regnum,MMORPG,PC (Windows),NGD Studios,NGD Studios,2013-02-27,https://www.freetogame.com/champions-of-regnum
243,PlanetSide 2,https://www.freetogame.com/g/243/thumbnail.jpg,A free-to-play open-world FPS that pits three factions against each other in a never-ending war.,https://www.freetogame.com/open/planetside-2,Shooter,PC (Windows),Daybreak Games,Daybreak Games,2012-11-21,https://www.freetogame.com/planetside-2
297,Wizard101,https://www.freetogame.com/g/297/thumbnail.jpg,A free to play MMORPG set in the magical Wizard school.,https://www.freetogame.com/open/wizard101,MMORPG,PC (Windows),KingsIsle Entertainment,KingsIsle Entertainment,2008-09-02,https://www.freetogame.com/wizard101
196,Cubic Castles,https://www.freetogame.com/g/196/thumbnail.jpg,A free to play 3D Platforming and a open world building game.,https://www.freetogame.com/open/cubic-castles,MMO,PC (Windows),Cosmic Cow LLC,Cosmic Cow LLC,2014-08-13,https://www.freetogame.com/cubic-castles
193,Infinity Wars,https://www.freetogame.com/g/193/thumbnail.jpg,"A MMO trading card game, Build up your decks and customize them with tons of factional cards! ",https://www.freetogame.com/open/infinity-wars,Card Game,PC (Windows),Lightmare Studios,Lightmare Studios,2014-09-05,https://www.freetogame.com/infinity-wars
246,Pirate 101,https://www.freetogame.com/g/246/thumbnail.jpg,A free to play Pirate-themed MMORPG designed with kids in mind.,https://www.freetogame.com/open/pirate-101,MMORPG,PC (Windows),KingsIsle Entertainment,KingsIsle Entertainment,2012-10-15,https://www.freetogame.com/pirate-101
210,Fistful of Frags,https://www.freetogame.com/g/210/thumbnail.jpg,A first person shooter game set in the Wild West! ,https://www.freetogame.com/open/fistful-of-frags,Shooter,PC (Windows),Fistful of Frags Team,Fistful of Frags Team,2014-05-10,https://www.freetogame.com/fistful-of-frags
327,Everquest 2,https://www.freetogame.com/g/327/thumbnail.jpg,A free to play 3D fantasy MMORPG and the sequel to EverQuest.,https://www.freetogame.com/open/everquest-2,MMORPG,PC (Windows),Daybreak Games,Daybreak Games,2004-11-08,https://www.freetogame.com/everquest-2
326,Shot Online,https://www.freetogame.com/g/326/thumbnail.jpg,A free to play Golfing MMO that any golf lover will enjoy to play!,https://www.freetogame.com/open/shot-online,Sports,PC (Windows),GamesCampus,OnNet Co. Ltd.,2004-11-30,https://www.freetogame.com/shot-online
25,Bless Online,https://www.freetogame.com/g/25/thumbnail.jpg,"A free-to-play fantasy MMORPG featuring field battles, monster taming, and large 100v100 realm vs realm battles. ",https://www.freetogame.com/open/bless-online,MMORPG,PC (Windows),Neowiz,Neowiz Bless Studio,2018-05-30,https://www.freetogame.com/bless-online
26,MapleStory 2,https://www.freetogame.com/g/26/thumbnail.jpg,"Sequel to Nexon's successful MMORPG, Maplestory! ",https://www.freetogame.com/open/maplestory-2,MMORPG,PC (Windows),Nexon,Wizet,2018-10-10,https://www.freetogame.com/maplestory-2
462,Heroes Showdown,https://www.freetogame.com/g/462/thumbnail.jpg,Heroes Showdown is a free-to-play auto-battler game with strategic 4v4 battles and a focus on player skill. Team up with three other players and challenge another team to an epic auto battle showdown.,https://www.freetogame.com/open/heroes-showdown,Strategy,PC (Windows),PATHFINDER8,PATHFINDER8,2020-05-15,https://www.freetogame.com/heroes-showdown
465,Crucible,https://www.freetogame.com/g/465/thumbnail.jpg,"Fight for survival on an alien planet, defeating not only monsters but also other Hunters in Amazon Games’ free-to-play team-based PvP shooter Crucible.",https://www.freetogame.com/open/crucible,Shooter,PC (Windows),Amazon Games,Relentless Studios,2020-05-21,https://www.freetogame.com/crucible
